{"2": {"start": [291.3360537791155, 194.60330578512398, 345.2341941547687, 319.0], "end": [435.1374456377869, 202.81464243022035, 482.7496450928039, 313.40950657484916]}, "3": {"start": [523.8124669298945, 166.86776859504133, 544.5842272849815, 216.20661157024793], "end": [75.95624216126228, 281.82859062028706, 141.9212067741245, 448.2582927140843]}, "4": {"start": [35.425714143343775, 212.05785123966945, 102.19412056740003, 303.88429752066116], "end": [47.626530969149684, 189.02835715466762, 95.41491199917678, 267.58564855556995]}, "6": {"start": [374.24498605277745, 220.86776859504133, 433.5814602282142, 299.60330578512395], "end": [85.14599080991938, 214.7789603994147, 138.5164853093299, 285.757901148051]}, "8": {"start": [282.69670739167896, 230.73553719008265, 331.41073062485003, 320.92561983471074], "end": [216.87924524456352, 231.7515844050624, 256.8437289548062, 305.3435492545266]}, "12": {"start": [312.89158494694726, 233.60330578512395, 355.1414729042924, 331.26446280991735], "end": [372.56745880665096, 388.1308413376084, 406.68314033886764, 444.74239676684374]}, "16": {"start": [528.9674535536095, 308.2892561983471, 650.6854390083738, 423.1322314049587], "end": [636.112403788954, 203.886815550107, 659.2667692805637, 244.53426065668893]}, "17": {"start": [526.8126673722883, 168.13223140495867, 548.6418780822572, 236.73553719008265], "end": [39.68914244245751, 196.33003549507666, 68.46943531202017, 260.03346806121834]}}